Oblast,Population
Crimea,2374091
Vinnytsya,1722210
Volyn,1045425
Dnipropetrovs'k,3479157
Donets'k,4676929
Zhytomyr,1347192
Transcarpathia,1249088
Zaporizhzhya,1878965
Ivano-Frankivs'k,1394332
Kiev,1780785
Kirovohrad,1085709
Luhans'k,2443514
L'viv,2589633
Mykolayiv,1230944
Odessa,2416791
Poltava,1574323
Rivne,1161335
Sumy,1245747
Ternopil',1120408
Kharkiv,2850164
Kherson,1139548
Khmel'nyts'kyy,1389641
Cherkasy,1359089
Chernivtsi,912065
Chernihiv,1189816
Kiev City,2662044
Sevastopol',2752685
